"Laikotarpis","Rodiklis","Ekonominės veiklos rūšis (EVRK 2 red., detalios veiklos):Kodas","Ekonominės veiklos rūšis (EVRK 2 red., detalios veiklos):Pavadinimas","Tipas","Lytis","Sektorius","Matavimo vienetai","Reikšmė"
"2020K4","Darbo užmokestis (mėnesinis)","TOTAL","Iš viso pagal ekonomines veiklos rūšis","Neto","Vyrai ir moterys","Šalies ūkis su individualiosiomis įmonėmis","EUR","960.5"
"2020K4","Darbo užmokestis (mėnesinis)","TOTAL","Iš viso pagal ekonomines veiklos rūšis","Neto","Vyrai ir moterys","Šalies ūkis be individualiųjų įmonių","EUR","967.3"
"2020K4","Darbo užmokestis (mėnesinis)","TOTAL","Iš viso pagal ekonomines veiklos rūšis","Neto","Vyrai ir moterys","Viešasis sektorius","EUR","1059.5"
"2020K4","Darbo užmokestis (mėnesinis)","TOTAL","Iš viso pagal ekonomines veiklos rūšis","Neto","Vyrai ir moterys","Privatusis sektorius su individualiosiomis įmonėmis","EUR","917.1"
"2020K4","Darbo užmokestis (mėnesinis)","TOTAL","Iš viso pagal ekonomines veiklos rūšis","Neto","Vyrai ir moterys","Privatusis sektorius be individualiųjų įmonių","EUR","925.6"
"2020K3","Darbo užmokestis (mėnesinis)","TOTAL","Iš viso pagal ekonomines veiklos rūšis","Neto","Vyrai ir moterys","Šalies ūkis su individualiosiomis įmonėmis","EUR","921.7"
"2020K3","Darbo užmokestis (mėnesinis)","TOTAL","Iš viso pagal ekonomines veiklos rūšis","Neto","Vyrai ir moterys","Šalies ūkis be individualiųjų įmonių","EUR","927.9"
"2020K3","Darbo užmokestis (mėnesinis)","TOTAL","Iš viso pagal ekonomines veiklos rūšis","Neto","Vyrai ir moterys","Viešasis sektorius","EUR","979.7"
"2020K3","Darbo užmokestis (mėnesinis)","TOTAL","Iš viso pagal ekonomines veiklos rūšis","Neto","Vyrai ir moterys","Privatusis sektorius su individualiosiomis įmonėmis","EUR","896.6"
"2020K3","Darbo užmokestis (mėnesinis)","TOTAL","Iš viso pagal ekonomines veiklos rūšis","Neto","Vyrai ir moterys","Privatusis sektorius be individualiųjų įmonių","EUR","904.8"
"2020K2","Darbo užmokestis (mėnesinis)","TOTAL","Iš viso pagal ekonomines veiklos rūšis","Neto","Vyrai ir moterys","Šalies ūkis su individualiosiomis įmonėmis","EUR","883.0"
"2020K2","Darbo užmokestis (mėnesinis)","TOTAL","Iš viso pagal ekonomines veiklos rūšis","Neto","Vyrai ir moterys","Šalies ūkis be individualiųjų įmonių","EUR","889.2"
"2020K2","Darbo užmokestis (mėnesinis)","TOTAL","Iš viso pagal ekonomines veiklos rūšis","Neto","Vyrai ir moterys","Viešasis sektorius","EUR","955.5"
"2020K2","Darbo užmokestis (mėnesinis)","TOTAL","Iš viso pagal ekonomines veiklos rūšis","Neto","Vyrai ir moterys","Privatusis sektorius su individualiosiomis įmonėmis","EUR","849.9"
"2020K2","Darbo užmokestis (mėnesinis)","TOTAL","Iš viso pagal ekonomines veiklos rūšis","Neto","Vyrai ir moterys","Privatusis sektorius be individualiųjų įmonių","EUR","858.0"
"2020K1","Darbo užmokestis (mėnesinis)","TOTAL","Iš viso pagal ekonomines veiklos rūšis","Neto","Vyrai ir moterys","Šalies ūkis su individualiosiomis įmonėmis","EUR","873.1"
"2020K1","Darbo užmokestis (mėnesinis)","TOTAL","Iš viso pagal ekonomines veiklos rūšis","Neto","Vyrai ir moterys","Šalies ūkis be individualiųjų įmonių","EUR","879.2"
"2020K1","Darbo užmokestis (mėnesinis)","TOTAL","Iš viso pagal ekonomines veiklos rūšis","Neto","Vyrai ir moterys","Viešasis sektorius","EUR","902.8"
"2020K1","Darbo užmokestis (mėnesinis)","TOTAL","Iš viso pagal ekonomines veiklos rūšis","Neto","Vyrai ir moterys","Privatusis sektorius su individualiosiomis įmonėmis","EUR","860.1"
"2020K1","Darbo užmokestis (mėnesinis)","TOTAL","Iš viso pagal ekonomines veiklos rūšis","Neto","Vyrai ir moterys","Privatusis sektorius be individualiųjų įmonių","EUR","868.6"
"2019K4","Darbo užmokestis (mėnesinis)","TOTAL","Iš viso pagal ekonomines veiklos rūšis","Neto","Vyrai ir moterys","Šalies ūkis su individualiosiomis įmonėmis","EUR","851.0"
"2019K4","Darbo užmokestis (mėnesinis)","TOTAL","Iš viso pagal ekonomines veiklos rūšis","Neto","Vyrai ir moterys","Šalies ūkis be individualiųjų įmonių","EUR","857.9"
"2019K4","Darbo užmokestis (mėnesinis)","TOTAL","Iš viso pagal ekonomines veiklos rūšis","Neto","Vyrai ir moterys","Viešasis sektorius","EUR","918.7"
"2019K4","Darbo užmokestis (mėnesinis)","TOTAL","Iš viso pagal ekonomines veiklos rūšis","Neto","Vyrai ir moterys","Privatusis sektorius su individualiosiomis įmonėmis","EUR","821.6"
"2019K4","Darbo užmokestis (mėnesinis)","TOTAL","Iš viso pagal ekonomines veiklos rūšis","Neto","Vyrai ir moterys","Privatusis sektorius be individualiųjų įmonių","EUR","830.5"
"2019K3","Darbo užmokestis (mėnesinis)","TOTAL","Iš viso pagal ekonomines veiklos rūšis","Neto","Vyrai ir moterys","Šalies ūkis su individualiosiomis įmonėmis","EUR","827.8"
"2019K3","Darbo užmokestis (mėnesinis)","TOTAL","Iš viso pagal ekonomines veiklos rūšis","Neto","Vyrai ir moterys","Šalies ūkis be individualiųjų įmonių","EUR","834.3"
"2019K3","Darbo užmokestis (mėnesinis)","TOTAL","Iš viso pagal ekonomines veiklos rūšis","Neto","Vyrai ir moterys","Viešasis sektorius","EUR","865.2"
"2019K3","Darbo užmokestis (mėnesinis)","TOTAL","Iš viso pagal ekonomines veiklos rūšis","Neto","Vyrai ir moterys","Privatusis sektorius su individualiosiomis įmonėmis","EUR","811.8"
"2019K3","Darbo užmokestis (mėnesinis)","TOTAL","Iš viso pagal ekonomines veiklos rūšis","Neto","Vyrai ir moterys","Privatusis sektorius be individualiųjų įmonių","EUR","820.7"
"2019K2","Darbo užmokestis (mėnesinis)","TOTAL","Iš viso pagal ekonomines veiklos rūšis","Neto","Vyrai ir moterys","Šalies ūkis su individualiosiomis įmonėmis","EUR","811.5"
"2019K2","Darbo užmokestis (mėnesinis)","TOTAL","Iš viso pagal ekonomines veiklos rūšis","Neto","Vyrai ir moterys","Šalies ūkis be individualiųjų įmonių","EUR","817.8"
"2019K2","Darbo užmokestis (mėnesinis)","TOTAL","Iš viso pagal ekonomines veiklos rūšis","Neto","Vyrai ir moterys","Viešasis sektorius","EUR","847.1"
"2019K2","Darbo užmokestis (mėnesinis)","TOTAL","Iš viso pagal ekonomines veiklos rūšis","Neto","Vyrai ir moterys","Privatusis sektorius su individualiosiomis įmonėmis","EUR","796.0"
"2019K2","Darbo užmokestis (mėnesinis)","TOTAL","Iš viso pagal ekonomines veiklos rūšis","Neto","Vyrai ir moterys","Privatusis sektorius be individualiųjų įmonių","EUR","804.7"
"2019K1","Darbo užmokestis (mėnesinis)","TOTAL","Iš viso pagal ekonomines veiklos rūšis","Neto","Vyrai ir moterys","Šalies ūkis su individualiosiomis įmonėmis","EUR","796.5"
"2019K1","Darbo užmokestis (mėnesinis)","TOTAL","Iš viso pagal ekonomines veiklos rūšis","Neto","Vyrai ir moterys","Šalies ūkis be individualiųjų įmonių","EUR","802.7"
"2019K1","Darbo užmokestis (mėnesinis)","TOTAL","Iš viso pagal ekonomines veiklos rūšis","Neto","Vyrai ir moterys","Viešasis sektorius","EUR","826.3"
"2019K1","Darbo užmokestis (mėnesinis)","TOTAL","Iš viso pagal ekonomines veiklos rūšis","Neto","Vyrai ir moterys","Privatusis sektorius su individualiosiomis įmonėmis","EUR","783.3"
"2019K1","Darbo užmokestis (mėnesinis)","TOTAL","Iš viso pagal ekonomines veiklos rūšis","Neto","Vyrai ir moterys","Privatusis sektorius be individualiųjų įmonių","EUR","791.9"
"2018K4","Darbo užmokestis (mėnesinis)","TOTAL","Iš viso pagal ekonomines veiklos rūšis","Neto","Vyrai ir moterys","Šalies ūkis su individualiosiomis įmonėmis","EUR","745.8"
"2018K4","Darbo užmokestis (mėnesinis)","TOTAL","Iš viso pagal ekonomines veiklos rūšis","Neto","Vyrai ir moterys","Šalies ūkis be individualiųjų įmonių","EUR","751.7"
"2018K4","Darbo užmokestis (mėnesinis)","TOTAL","Iš viso pagal ekonomines veiklos rūšis","Neto","Vyrai ir moterys","Viešasis sektorius","EUR","785.9"
"2018K4","Darbo užmokestis (mėnesinis)","TOTAL","Iš viso pagal ekonomines veiklos rūšis","Neto","Vyrai ir moterys","Privatusis sektorius su individualiosiomis įmonėmis","EUR","727.6"
"2018K4","Darbo užmokestis (mėnesinis)","TOTAL","Iš viso pagal ekonomines veiklos rūšis","Neto","Vyrai ir moterys","Privatusis sektorius be individualiųjų įmonių","EUR","735.6"
"2018K3","Darbo užmokestis (mėnesinis)","TOTAL","Iš viso pagal ekonomines veiklos rūšis","Neto","Vyrai ir moterys","Šalies ūkis su individualiosiomis įmonėmis","EUR","722.5"
"2018K3","Darbo užmokestis (mėnesinis)","TOTAL","Iš viso pagal ekonomines veiklos rūšis","Neto","Vyrai ir moterys","Šalies ūkis be individualiųjų įmonių","EUR","728.0"
"2018K3","Darbo užmokestis (mėnesinis)","TOTAL","Iš viso pagal ekonomines veiklos rūšis","Neto","Vyrai ir moterys","Viešasis sektorius","EUR","736.5"
"2018K3","Darbo užmokestis (mėnesinis)","TOTAL","Iš viso pagal ekonomines veiklos rūšis","Neto","Vyrai ir moterys","Privatusis sektorius su individualiosiomis įmonėmis","EUR","716.3"
"2018K3","Darbo užmokestis (mėnesinis)","TOTAL","Iš viso pagal ekonomines veiklos rūšis","Neto","Vyrai ir moterys","Privatusis sektorius be individualiųjų įmonių","EUR","724.0"
"2018K2","Darbo užmokestis (mėnesinis)","TOTAL","Iš viso pagal ekonomines veiklos rūšis","Neto","Vyrai ir moterys","Šalies ūkis su individualiosiomis įmonėmis","EUR","716.4"
"2018K2","Darbo užmokestis (mėnesinis)","TOTAL","Iš viso pagal ekonomines veiklos rūšis","Neto","Vyrai ir moterys","Šalies ūkis be individualiųjų įmonių","EUR","721.8"
"2018K2","Darbo užmokestis (mėnesinis)","TOTAL","Iš viso pagal ekonomines veiklos rūšis","Neto","Vyrai ir moterys","Viešasis sektorius","EUR","726.1"
"2018K2","Darbo užmokestis (mėnesinis)","TOTAL","Iš viso pagal ekonomines veiklos rūšis","Neto","Vyrai ir moterys","Privatusis sektorius su individualiosiomis įmonėmis","EUR","712.0"
"2018K2","Darbo užmokestis (mėnesinis)","TOTAL","Iš viso pagal ekonomines veiklos rūšis","Neto","Vyrai ir moterys","Privatusis sektorius be individualiųjų įmonių","EUR","719.8"
"2018K1","Darbo užmokestis (mėnesinis)","TOTAL","Iš viso pagal ekonomines veiklos rūšis","Neto","Vyrai ir moterys","Šalies ūkis su individualiosiomis įmonėmis","EUR","695.2"
"2018K1","Darbo užmokestis (mėnesinis)","TOTAL","Iš viso pagal ekonomines veiklos rūšis","Neto","Vyrai ir moterys","Šalies ūkis be individualiųjų įmonių","EUR","700.2"
"2018K1","Darbo užmokestis (mėnesinis)","TOTAL","Iš viso pagal ekonomines veiklos rūšis","Neto","Vyrai ir moterys","Viešasis sektorius","EUR","693.4"
"2018K1","Darbo užmokestis (mėnesinis)","TOTAL","Iš viso pagal ekonomines veiklos rūšis","Neto","Vyrai ir moterys","Privatusis sektorius su individualiosiomis įmonėmis","EUR","696.0"
"2018K1","Darbo užmokestis (mėnesinis)","TOTAL","Iš viso pagal ekonomines veiklos rūšis","Neto","Vyrai ir moterys","Privatusis sektorius be individualiųjų įmonių","EUR","703.5"
"2017K4","Darbo užmokestis (mėnesinis)","TOTAL","Iš viso pagal ekonomines veiklos rūšis","Neto","Vyrai ir moterys","Šalies ūkis su individualiosiomis įmonėmis","EUR","684.8"
"2017K4","Darbo užmokestis (mėnesinis)","TOTAL","Iš viso pagal ekonomines veiklos rūšis","Neto","Vyrai ir moterys","Šalies ūkis be individualiųjų įmonių","EUR","690.5"
"2017K4","Darbo užmokestis (mėnesinis)","TOTAL","Iš viso pagal ekonomines veiklos rūšis","Neto","Vyrai ir moterys","Viešasis sektorius","EUR","705.5"
"2017K4","Darbo užmokestis (mėnesinis)","TOTAL","Iš viso pagal ekonomines veiklos rūšis","Neto","Vyrai ir moterys","Privatusis sektorius su individualiosiomis įmonėmis","EUR","675.0"
"2017K4","Darbo užmokestis (mėnesinis)","TOTAL","Iš viso pagal ekonomines veiklos rūšis","Neto","Vyrai ir moterys","Privatusis sektorius be individualiųjų įmonių","EUR","683.1"
"2017K3","Darbo užmokestis (mėnesinis)","TOTAL","Iš viso pagal ekonomines veiklos rūšis","Neto","Vyrai ir moterys","Šalies ūkis su individualiosiomis įmonėmis","EUR","661.7"
"2017K3","Darbo užmokestis (mėnesinis)","TOTAL","Iš viso pagal ekonomines veiklos rūšis","Neto","Vyrai ir moterys","Šalies ūkis be individualiųjų įmonių","EUR","667.3"
"2017K3","Darbo užmokestis (mėnesinis)","TOTAL","Iš viso pagal ekonomines veiklos rūšis","Neto","Vyrai ir moterys","Viešasis sektorius","EUR","667.9"
"2017K3","Darbo užmokestis (mėnesinis)","TOTAL","Iš viso pagal ekonomines veiklos rūšis","Neto","Vyrai ir moterys","Privatusis sektorius su individualiosiomis įmonėmis","EUR","658.8"
"2017K3","Darbo užmokestis (mėnesinis)","TOTAL","Iš viso pagal ekonomines veiklos rūšis","Neto","Vyrai ir moterys","Privatusis sektorius be individualiųjų įmonių","EUR","667.0"
"2017K2","Darbo užmokestis (mėnesinis)","TOTAL","Iš viso pagal ekonomines veiklos rūšis","Neto","Vyrai ir moterys","Šalies ūkis su individualiosiomis įmonėmis","EUR","653.0"
"2017K2","Darbo užmokestis (mėnesinis)","TOTAL","Iš viso pagal ekonomines veiklos rūšis","Neto","Vyrai ir moterys","Šalies ūkis be individualiųjų įmonių","EUR","659.0"
"2017K2","Darbo užmokestis (mėnesinis)","TOTAL","Iš viso pagal ekonomines veiklos rūšis","Neto","Vyrai ir moterys","Viešasis sektorius","EUR","661.4"
"2017K2","Darbo užmokestis (mėnesinis)","TOTAL","Iš viso pagal ekonomines veiklos rūšis","Neto","Vyrai ir moterys","Privatusis sektorius su individualiosiomis įmonėmis","EUR","649.1"
"2017K2","Darbo užmokestis (mėnesinis)","TOTAL","Iš viso pagal ekonomines veiklos rūšis","Neto","Vyrai ir moterys","Privatusis sektorius be individualiųjų įmonių","EUR","657.8"
"2017K1","Darbo užmokestis (mėnesinis)","TOTAL","Iš viso pagal ekonomines veiklos rūšis","Neto","Vyrai ir moterys","Šalies ūkis su individualiosiomis įmonėmis","EUR","638.4"
"2017K1","Darbo užmokestis (mėnesinis)","TOTAL","Iš viso pagal ekonomines veiklos rūšis","Neto","Vyrai ir moterys","Šalies ūkis be individualiųjų įmonių","EUR","644.5"
"2017K1","Darbo užmokestis (mėnesinis)","TOTAL","Iš viso pagal ekonomines veiklos rūšis","Neto","Vyrai ir moterys","Viešasis sektorius","EUR","644.8"
"2017K1","Darbo užmokestis (mėnesinis)","TOTAL","Iš viso pagal ekonomines veiklos rūšis","Neto","Vyrai ir moterys","Privatusis sektorius su individualiosiomis įmonėmis","EUR","635.3"
"2017K1","Darbo užmokestis (mėnesinis)","TOTAL","Iš viso pagal ekonomines veiklos rūšis","Neto","Vyrai ir moterys","Privatusis sektorius be individualiųjų įmonių","EUR","644.3"
"2016K4","Darbo užmokestis (mėnesinis)","TOTAL","Iš viso pagal ekonomines veiklos rūšis","Neto","Vyrai ir moterys","Šalies ūkis su individualiosiomis įmonėmis","EUR","629.8"
"2016K4","Darbo užmokestis (mėnesinis)","TOTAL","Iš viso pagal ekonomines veiklos rūšis","Neto","Vyrai ir moterys","Šalies ūkis be individualiųjų įmonių","EUR","636.9"
"2016K4","Darbo užmokestis (mėnesinis)","TOTAL","Iš viso pagal ekonomines veiklos rūšis","Neto","Vyrai ir moterys","Viešasis sektorius","EUR","656.0"
"2016K4","Darbo užmokestis (mėnesinis)","TOTAL","Iš viso pagal ekonomines veiklos rūšis","Neto","Vyrai ir moterys","Privatusis sektorius su individualiosiomis įmonėmis","EUR","617.2"
"2016K4","Darbo užmokestis (mėnesinis)","TOTAL","Iš viso pagal ekonomines veiklos rūšis","Neto","Vyrai ir moterys","Privatusis sektorius be individualiųjų įmonių","EUR","627.2"
"2016K3","Darbo užmokestis (mėnesinis)","TOTAL","Iš viso pagal ekonomines veiklos rūšis","Neto","Vyrai ir moterys","Šalies ūkis su individualiosiomis įmonėmis","EUR","608.9"
"2016K3","Darbo užmokestis (mėnesinis)","TOTAL","Iš viso pagal ekonomines veiklos rūšis","Neto","Vyrai ir moterys","Šalies ūkis be individualiųjų įmonių","EUR","615.9"
"2016K3","Darbo užmokestis (mėnesinis)","TOTAL","Iš viso pagal ekonomines veiklos rūšis","Neto","Vyrai ir moterys","Viešasis sektorius","EUR","625.4"
"2016K3","Darbo užmokestis (mėnesinis)","TOTAL","Iš viso pagal ekonomines veiklos rūšis","Neto","Vyrai ir moterys","Privatusis sektorius su individualiosiomis įmonėmis","EUR","601.1"
"2016K3","Darbo užmokestis (mėnesinis)","TOTAL","Iš viso pagal ekonomines veiklos rūšis","Neto","Vyrai ir moterys","Privatusis sektorius be individualiųjų įmonių","EUR","611.3"
"2016K2","Darbo užmokestis (mėnesinis)","TOTAL","Iš viso pagal ekonomines veiklos rūšis","Neto","Vyrai ir moterys","Šalies ūkis su individualiosiomis įmonėmis","EUR","593.2"
"2016K2","Darbo užmokestis (mėnesinis)","TOTAL","Iš viso pagal ekonomines veiklos rūšis","Neto","Vyrai ir moterys","Šalies ūkis be individualiųjų įmonių","EUR","600.8"
"2016K2","Darbo užmokestis (mėnesinis)","TOTAL","Iš viso pagal ekonomines veiklos rūšis","Neto","Vyrai ir moterys","Viešasis sektorius","EUR","608.8"
"2016K2","Darbo užmokestis (mėnesinis)","TOTAL","Iš viso pagal ekonomines veiklos rūšis","Neto","Vyrai ir moterys","Privatusis sektorius su individualiosiomis įmonėmis","EUR","585.7"
"2016K2","Darbo užmokestis (mėnesinis)","TOTAL","Iš viso pagal ekonomines veiklos rūšis","Neto","Vyrai ir moterys","Privatusis sektorius be individualiųjų įmonių","EUR","596.7"
"2016K1","Darbo užmokestis (mėnesinis)","TOTAL","Iš viso pagal ekonomines veiklos rūšis","Neto","Vyrai ir moterys","Šalies ūkis su individualiosiomis įmonėmis","EUR","576.0"
"2016K1","Darbo užmokestis (mėnesinis)","TOTAL","Iš viso pagal ekonomines veiklos rūšis","Neto","Vyrai ir moterys","Šalies ūkis be individualiųjų įmonių","EUR","583.9"
"2016K1","Darbo užmokestis (mėnesinis)","TOTAL","Iš viso pagal ekonomines veiklos rūšis","Neto","Vyrai ir moterys","Viešasis sektorius","EUR","594.4"
"2016K1","Darbo užmokestis (mėnesinis)","TOTAL","Iš viso pagal ekonomines veiklos rūšis","Neto","Vyrai ir moterys","Privatusis sektorius su individualiosiomis įmonėmis","EUR","567.0"
"2016K1","Darbo užmokestis (mėnesinis)","TOTAL","Iš viso pagal ekonomines veiklos rūšis","Neto","Vyrai ir moterys","Privatusis sektorius be individualiųjų įmonių","EUR","578.5"
"2015K4","Darbo užmokestis (mėnesinis)","TOTAL","Iš viso pagal ekonomines veiklos rūšis","Neto","Vyrai ir moterys","Šalies ūkis su individualiosiomis įmonėmis","EUR","575.6"
"2015K4","Darbo užmokestis (mėnesinis)","TOTAL","Iš viso pagal ekonomines veiklos rūšis","Neto","Vyrai ir moterys","Šalies ūkis be individualiųjų įmonių","EUR","584.8"
"2015K4","Darbo užmokestis (mėnesinis)","TOTAL","Iš viso pagal ekonomines veiklos rūšis","Neto","Vyrai ir moterys","Viešasis sektorius","EUR","603.5"
"2015K4","Darbo užmokestis (mėnesinis)","TOTAL","Iš viso pagal ekonomines veiklos rūšis","Neto","Vyrai ir moterys","Privatusis sektorius su individualiosiomis įmonėmis","EUR","561.8"
"2015K4","Darbo užmokestis (mėnesinis)","TOTAL","Iš viso pagal ekonomines veiklos rūšis","Neto","Vyrai ir moterys","Privatusis sektorius be individualiųjų įmonių","EUR","575.0"
"2015K3","Darbo užmokestis (mėnesinis)","TOTAL","Iš viso pagal ekonomines veiklos rūšis","Neto","Vyrai ir moterys","Šalies ūkis su individualiosiomis įmonėmis","EUR","559.9"
"2015K3","Darbo užmokestis (mėnesinis)","TOTAL","Iš viso pagal ekonomines veiklos rūšis","Neto","Vyrai ir moterys","Šalies ūkis be individualiųjų įmonių","EUR","569.0"
"2015K3","Darbo užmokestis (mėnesinis)","TOTAL","Iš viso pagal ekonomines veiklos rūšis","Neto","Vyrai ir moterys","Viešasis sektorius","EUR","583.6"
"2015K3","Darbo užmokestis (mėnesinis)","TOTAL","Iš viso pagal ekonomines veiklos rūšis","Neto","Vyrai ir moterys","Privatusis sektorius su individualiosiomis įmonėmis","EUR","548.3"
"2015K3","Darbo užmokestis (mėnesinis)","TOTAL","Iš viso pagal ekonomines veiklos rūšis","Neto","Vyrai ir moterys","Privatusis sektorius be individualiųjų įmonių","EUR","561.5"
"2015K2","Darbo užmokestis (mėnesinis)","TOTAL","Iš viso pagal ekonomines veiklos rūšis","Neto","Vyrai ir moterys","Šalies ūkis su individualiosiomis įmonėmis","EUR","544.4"
"2015K2","Darbo užmokestis (mėnesinis)","TOTAL","Iš viso pagal ekonomines veiklos rūšis","Neto","Vyrai ir moterys","Šalies ūkis be individualiųjų įmonių","EUR","553.8"
"2015K2","Darbo užmokestis (mėnesinis)","TOTAL","Iš viso pagal ekonomines veiklos rūšis","Neto","Vyrai ir moterys","Viešasis sektorius","EUR","572.5"
"2015K2","Darbo užmokestis (mėnesinis)","TOTAL","Iš viso pagal ekonomines veiklos rūšis","Neto","Vyrai ir moterys","Privatusis sektorius su individualiosiomis įmonėmis","EUR","530.4"
"2015K2","Darbo užmokestis (mėnesinis)","TOTAL","Iš viso pagal ekonomines veiklos rūšis","Neto","Vyrai ir moterys","Privatusis sektorius be individualiųjų įmonių","EUR","544.0"
"2015K1","Darbo užmokestis (mėnesinis)","TOTAL","Iš viso pagal ekonomines veiklos rūšis","Neto","Vyrai ir moterys","Šalies ūkis su individualiosiomis įmonėmis","EUR","534.0"
"2015K1","Darbo užmokestis (mėnesinis)","TOTAL","Iš viso pagal ekonomines veiklos rūšis","Neto","Vyrai ir moterys","Šalies ūkis be individualiųjų įmonių","EUR","543.6"
"2015K1","Darbo užmokestis (mėnesinis)","TOTAL","Iš viso pagal ekonomines veiklos rūšis","Neto","Vyrai ir moterys","Viešasis sektorius","EUR","559.2"
"2015K1","Darbo užmokestis (mėnesinis)","TOTAL","Iš viso pagal ekonomines veiklos rūšis","Neto","Vyrai ir moterys","Privatusis sektorius su individualiosiomis įmonėmis","EUR","521.2"
"2015K1","Darbo užmokestis (mėnesinis)","TOTAL","Iš viso pagal ekonomines veiklos rūšis","Neto","Vyrai ir moterys","Privatusis sektorius be individualiųjų įmonių","EUR","535.3"
"2014K4","Darbo užmokestis (mėnesinis)","TOTAL","Iš viso pagal ekonomines veiklos rūšis","Neto","Vyrai ir moterys","Šalies ūkis su individualiosiomis įmonėmis","EUR","542.9"
"2014K4","Darbo užmokestis (mėnesinis)","TOTAL","Iš viso pagal ekonomines veiklos rūšis","Neto","Vyrai ir moterys","Šalies ūkis be individualiųjų įmonių","EUR","553.9"
"2014K4","Darbo užmokestis (mėnesinis)","TOTAL","Iš viso pagal ekonomines veiklos rūšis","Neto","Vyrai ir moterys","Viešasis sektorius","EUR","578.1"
"2014K4","Darbo užmokestis (mėnesinis)","TOTAL","Iš viso pagal ekonomines veiklos rūšis","Neto","Vyrai ir moterys","Privatusis sektorius su individualiosiomis įmonėmis","EUR","525.0"
"2014K4","Darbo užmokestis (mėnesinis)","TOTAL","Iš viso pagal ekonomines veiklos rūšis","Neto","Vyrai ir moterys","Privatusis sektorius be individualiųjų įmonių","EUR","540.8"
"2014K3","Darbo užmokestis (mėnesinis)","TOTAL","Iš viso pagal ekonomines veiklos rūšis","Neto","Vyrai ir moterys","Šalies ūkis su individualiosiomis įmonėmis","EUR","530.1"
"2014K3","Darbo užmokestis (mėnesinis)","TOTAL","Iš viso pagal ekonomines veiklos rūšis","Neto","Vyrai ir moterys","Šalies ūkis be individualiųjų įmonių","EUR","541.1"
"2014K3","Darbo užmokestis (mėnesinis)","TOTAL","Iš viso pagal ekonomines veiklos rūšis","Neto","Vyrai ir moterys","Viešasis sektorius","EUR","562.9"
"2014K3","Darbo užmokestis (mėnesinis)","TOTAL","Iš viso pagal ekonomines veiklos rūšis","Neto","Vyrai ir moterys","Privatusis sektorius su individualiosiomis įmonėmis","EUR","513.6"
"2014K3","Darbo užmokestis (mėnesinis)","TOTAL","Iš viso pagal ekonomines veiklos rūšis","Neto","Vyrai ir moterys","Privatusis sektorius be individualiųjų įmonių","EUR","529.4"
"2014K2","Darbo užmokestis (mėnesinis)","TOTAL","Iš viso pagal ekonomines veiklos rūšis","Neto","Vyrai ir moterys","Šalies ūkis su individualiosiomis įmonėmis","EUR","519.8"
"2014K2","Darbo užmokestis (mėnesinis)","TOTAL","Iš viso pagal ekonomines veiklos rūšis","Neto","Vyrai ir moterys","Šalies ūkis be individualiųjų įmonių","EUR","530.7"
"2014K2","Darbo užmokestis (mėnesinis)","TOTAL","Iš viso pagal ekonomines veiklos rūšis","Neto","Vyrai ir moterys","Viešasis sektorius","EUR","553.0"
"2014K2","Darbo užmokestis (mėnesinis)","TOTAL","Iš viso pagal ekonomines veiklos rūšis","Neto","Vyrai ir moterys","Privatusis sektorius su individualiosiomis įmonėmis","EUR","502.8"
"2014K2","Darbo užmokestis (mėnesinis)","TOTAL","Iš viso pagal ekonomines veiklos rūšis","Neto","Vyrai ir moterys","Privatusis sektorius be individualiųjų įmonių","EUR","518.5"
"2014K1","Darbo užmokestis (mėnesinis)","TOTAL","Iš viso pagal ekonomines veiklos rūšis","Neto","Vyrai ir moterys","Šalies ūkis su individualiosiomis įmonėmis","EUR","511.3"
"2014K1","Darbo užmokestis (mėnesinis)","TOTAL","Iš viso pagal ekonomines veiklos rūšis","Neto","Vyrai ir moterys","Šalies ūkis be individualiųjų įmonių","EUR","522.4"
"2014K1","Darbo užmokestis (mėnesinis)","TOTAL","Iš viso pagal ekonomines veiklos rūšis","Neto","Vyrai ir moterys","Viešasis sektorius","EUR","542.9"
"2014K1","Darbo užmokestis (mėnesinis)","TOTAL","Iš viso pagal ekonomines veiklos rūšis","Neto","Vyrai ir moterys","Privatusis sektorius su individualiosiomis įmonėmis","EUR","494.7"
"2014K1","Darbo užmokestis (mėnesinis)","TOTAL","Iš viso pagal ekonomines veiklos rūšis","Neto","Vyrai ir moterys","Privatusis sektorius be individualiųjų įmonių","EUR","510.9"
"2013K4","Darbo užmokestis (mėnesinis)","TOTAL","Iš viso pagal ekonomines veiklos rūšis","Neto","Vyrai ir moterys","Šalies ūkis su individualiosiomis įmonėmis","EUR","511.6"
"2013K4","Darbo užmokestis (mėnesinis)","TOTAL","Iš viso pagal ekonomines veiklos rūšis","Neto","Vyrai ir moterys","Šalies ūkis be individualiųjų įmonių","EUR","524.0"
"2013K4","Darbo užmokestis (mėnesinis)","TOTAL","Iš viso pagal ekonomines veiklos rūšis","Neto","Vyrai ir moterys","Viešasis sektorius","EUR","548.6"
"2013K4","Darbo užmokestis (mėnesinis)","TOTAL","Iš viso pagal ekonomines veiklos rūšis","Neto","Vyrai ir moterys","Privatusis sektorius su individualiosiomis įmonėmis","EUR","491.8"
"2013K4","Darbo užmokestis (mėnesinis)","TOTAL","Iš viso pagal ekonomines veiklos rūšis","Neto","Vyrai ir moterys","Privatusis sektorius be individualiųjų įmonių","EUR","510.0"
"2013K3","Darbo užmokestis (mėnesinis)","TOTAL","Iš viso pagal ekonomines veiklos rūšis","Neto","Vyrai ir moterys","Šalies ūkis su individualiosiomis įmonėmis","EUR","504.4"
"2013K3","Darbo užmokestis (mėnesinis)","TOTAL","Iš viso pagal ekonomines veiklos rūšis","Neto","Vyrai ir moterys","Šalies ūkis be individualiųjų įmonių","EUR","516.7"
"2013K3","Darbo užmokestis (mėnesinis)","TOTAL","Iš viso pagal ekonomines veiklos rūšis","Neto","Vyrai ir moterys","Viešasis sektorius","EUR","538.8"
"2013K3","Darbo užmokestis (mėnesinis)","TOTAL","Iš viso pagal ekonomines veiklos rūšis","Neto","Vyrai ir moterys","Privatusis sektorius su individualiosiomis įmonėmis","EUR","486.3"
"2013K3","Darbo užmokestis (mėnesinis)","TOTAL","Iš viso pagal ekonomines veiklos rūšis","Neto","Vyrai ir moterys","Privatusis sektorius be individualiųjų įmonių","EUR","504.2"
"2013K2","Darbo užmokestis (mėnesinis)","TOTAL","Iš viso pagal ekonomines veiklos rūšis","Neto","Vyrai ir moterys","Šalies ūkis su individualiosiomis įmonėmis","EUR","493.6"
"2013K2","Darbo užmokestis (mėnesinis)","TOTAL","Iš viso pagal ekonomines veiklos rūšis","Neto","Vyrai ir moterys","Šalies ūkis be individualiųjų įmonių","EUR","505.6"
"2013K2","Darbo užmokestis (mėnesinis)","TOTAL","Iš viso pagal ekonomines veiklos rūšis","Neto","Vyrai ir moterys","Viešasis sektorius","EUR","528.9"
"2013K2","Darbo užmokestis (mėnesinis)","TOTAL","Iš viso pagal ekonomines veiklos rūšis","Neto","Vyrai ir moterys","Privatusis sektorius su individualiosiomis įmonėmis","EUR","474.7"
"2013K2","Darbo užmokestis (mėnesinis)","TOTAL","Iš viso pagal ekonomines veiklos rūšis","Neto","Vyrai ir moterys","Privatusis sektorius be individualiųjų įmonių","EUR","492.2"
"2013K1","Darbo užmokestis (mėnesinis)","TOTAL","Iš viso pagal ekonomines veiklos rūšis","Neto","Vyrai ir moterys","Šalies ūkis su individualiosiomis įmonėmis","EUR","489.1"
"2013K1","Darbo užmokestis (mėnesinis)","TOTAL","Iš viso pagal ekonomines veiklos rūšis","Neto","Vyrai ir moterys","Šalies ūkis be individualiųjų įmonių","EUR","501.4"
"2013K1","Darbo užmokestis (mėnesinis)","TOTAL","Iš viso pagal ekonomines veiklos rūšis","Neto","Vyrai ir moterys","Viešasis sektorius","EUR","524.0"
"2013K1","Darbo užmokestis (mėnesinis)","TOTAL","Iš viso pagal ekonomines veiklos rūšis","Neto","Vyrai ir moterys","Privatusis sektorius su individualiosiomis įmonėmis","EUR","469.9"
"2013K1","Darbo užmokestis (mėnesinis)","TOTAL","Iš viso pagal ekonomines veiklos rūšis","Neto","Vyrai ir moterys","Privatusis sektorius be individualiųjų įmonių","EUR","488.0"
"2012K4","Darbo užmokestis (mėnesinis)","TOTAL","Iš viso pagal ekonomines veiklos rūšis","Neto","Vyrai ir moterys","Šalies ūkis su individualiosiomis įmonėmis","EUR","487.6"
"2012K4","Darbo užmokestis (mėnesinis)","TOTAL","Iš viso pagal ekonomines veiklos rūšis","Neto","Vyrai ir moterys","Šalies ūkis be individualiųjų įmonių","EUR","501.2"
"2012K4","Darbo užmokestis (mėnesinis)","TOTAL","Iš viso pagal ekonomines veiklos rūšis","Neto","Vyrai ir moterys","Viešasis sektorius","EUR","533.7"
"2012K4","Darbo užmokestis (mėnesinis)","TOTAL","Iš viso pagal ekonomines veiklos rūšis","Neto","Vyrai ir moterys","Privatusis sektorius su individualiosiomis įmonėmis","EUR","462.2"
"2012K4","Darbo užmokestis (mėnesinis)","TOTAL","Iš viso pagal ekonomines veiklos rūšis","Neto","Vyrai ir moterys","Privatusis sektorius be individualiųjų įmonių","EUR","481.8"
"2012K3","Darbo užmokestis (mėnesinis)","TOTAL","Iš viso pagal ekonomines veiklos rūšis","Neto","Vyrai ir moterys","Šalies ūkis su individualiosiomis įmonėmis","EUR","475.1"
"2012K3","Darbo užmokestis (mėnesinis)","TOTAL","Iš viso pagal ekonomines veiklos rūšis","Neto","Vyrai ir moterys","Šalies ūkis be individualiųjų įmonių","EUR","488.3"
"2012K3","Darbo užmokestis (mėnesinis)","TOTAL","Iš viso pagal ekonomines veiklos rūšis","Neto","Vyrai ir moterys","Viešasis sektorius","EUR","517.1"
"2012K3","Darbo užmokestis (mėnesinis)","TOTAL","Iš viso pagal ekonomines veiklos rūšis","Neto","Vyrai ir moterys","Privatusis sektorius su individualiosiomis įmonėmis","EUR","452.4"
"2012K3","Darbo užmokestis (mėnesinis)","TOTAL","Iš viso pagal ekonomines veiklos rūšis","Neto","Vyrai ir moterys","Privatusis sektorius be individualiųjų įmonių","EUR","471.4"
"2012K2","Darbo užmokestis (mėnesinis)","TOTAL","Iš viso pagal ekonomines veiklos rūšis","Neto","Vyrai ir moterys","Šalies ūkis su individualiosiomis įmonėmis","EUR","471.3"
"2012K2","Darbo užmokestis (mėnesinis)","TOTAL","Iš viso pagal ekonomines veiklos rūšis","Neto","Vyrai ir moterys","Šalies ūkis be individualiųjų įmonių","EUR","484.6"
"2012K2","Darbo užmokestis (mėnesinis)","TOTAL","Iš viso pagal ekonomines veiklos rūšis","Neto","Vyrai ir moterys","Viešasis sektorius","EUR","511.3"
"2012K2","Darbo užmokestis (mėnesinis)","TOTAL","Iš viso pagal ekonomines veiklos rūšis","Neto","Vyrai ir moterys","Privatusis sektorius su individualiosiomis įmonėmis","EUR","449.0"
"2012K2","Darbo užmokestis (mėnesinis)","TOTAL","Iš viso pagal ekonomines veiklos rūšis","Neto","Vyrai ir moterys","Privatusis sektorius be individualiųjų įmonių","EUR","468.5"
"2012K1","Darbo užmokestis (mėnesinis)","TOTAL","Iš viso pagal ekonomines veiklos rūšis","Neto","Vyrai ir moterys","Šalies ūkis su individualiosiomis įmonėmis","EUR","467.9"
"2012K1","Darbo užmokestis (mėnesinis)","TOTAL","Iš viso pagal ekonomines veiklos rūšis","Neto","Vyrai ir moterys","Šalies ūkis be individualiųjų įmonių","EUR","481.3"
"2012K1","Darbo užmokestis (mėnesinis)","TOTAL","Iš viso pagal ekonomines veiklos rūšis","Neto","Vyrai ir moterys","Viešasis sektorius","EUR","508.7"
"2012K1","Darbo užmokestis (mėnesinis)","TOTAL","Iš viso pagal ekonomines veiklos rūšis","Neto","Vyrai ir moterys","Privatusis sektorius su individualiosiomis įmonėmis","EUR","444.6"
"2012K1","Darbo užmokestis (mėnesinis)","TOTAL","Iš viso pagal ekonomines veiklos rūšis","Neto","Vyrai ir moterys","Privatusis sektorius be individualiųjų įmonių","EUR","464.3"
"2011K4","Darbo užmokestis (mėnesinis)","TOTAL","Iš viso pagal ekonomines veiklos rūšis","Neto","Vyrai ir moterys","Šalies ūkis su individualiosiomis įmonėmis","EUR","474.5"
"2011K4","Darbo užmokestis (mėnesinis)","TOTAL","Iš viso pagal ekonomines veiklos rūšis","Neto","Vyrai ir moterys","Šalies ūkis be individualiųjų įmonių","EUR","489.1"
"2011K4","Darbo užmokestis (mėnesinis)","TOTAL","Iš viso pagal ekonomines veiklos rūšis","Neto","Vyrai ir moterys","Viešasis sektorius","EUR","521.2"
"2011K4","Darbo užmokestis (mėnesinis)","TOTAL","Iš viso pagal ekonomines veiklos rūšis","Neto","Vyrai ir moterys","Privatusis sektorius su individualiosiomis įmonėmis","EUR","447.4"
"2011K4","Darbo užmokestis (mėnesinis)","TOTAL","Iš viso pagal ekonomines veiklos rūšis","Neto","Vyrai ir moterys","Privatusis sektorius be individualiųjų įmonių","EUR","468.8"
"2011K3","Darbo užmokestis (mėnesinis)","TOTAL","Iš viso pagal ekonomines veiklos rūšis","Neto","Vyrai ir moterys","Šalies ūkis su individualiosiomis įmonėmis","EUR","462.5"
"2011K3","Darbo užmokestis (mėnesinis)","TOTAL","Iš viso pagal ekonomines veiklos rūšis","Neto","Vyrai ir moterys","Šalies ūkis be individualiųjų įmonių","EUR","476.7"
"2011K3","Darbo užmokestis (mėnesinis)","TOTAL","Iš viso pagal ekonomines veiklos rūšis","Neto","Vyrai ir moterys","Viešasis sektorius","EUR","503.9"
"2011K3","Darbo užmokestis (mėnesinis)","TOTAL","Iš viso pagal ekonomines veiklos rūšis","Neto","Vyrai ir moterys","Privatusis sektorius su individualiosiomis įmonėmis","EUR","439.0"
"2011K3","Darbo užmokestis (mėnesinis)","TOTAL","Iš viso pagal ekonomines veiklos rūšis","Neto","Vyrai ir moterys","Privatusis sektorius be individualiųjų įmonių","EUR","459.8"
"2011K2","Darbo užmokestis (mėnesinis)","TOTAL","Iš viso pagal ekonomines veiklos rūšis","Neto","Vyrai ir moterys","Šalies ūkis su individualiosiomis įmonėmis","EUR","460.8"
"2011K2","Darbo užmokestis (mėnesinis)","TOTAL","Iš viso pagal ekonomines veiklos rūšis","Neto","Vyrai ir moterys","Šalies ūkis be individualiųjų įmonių","EUR","474.9"
"2011K2","Darbo užmokestis (mėnesinis)","TOTAL","Iš viso pagal ekonomines veiklos rūšis","Neto","Vyrai ir moterys","Viešasis sektorius","EUR","501.1"
"2011K2","Darbo užmokestis (mėnesinis)","TOTAL","Iš viso pagal ekonomines veiklos rūšis","Neto","Vyrai ir moterys","Privatusis sektorius su individualiosiomis įmonėmis","EUR","437.1"
"2011K2","Darbo užmokestis (mėnesinis)","TOTAL","Iš viso pagal ekonomines veiklos rūšis","Neto","Vyrai ir moterys","Privatusis sektorius be individualiųjų įmonių","EUR","458.0"
"2011K1","Darbo užmokestis (mėnesinis)","TOTAL","Iš viso pagal ekonomines veiklos rūšis","Neto","Vyrai ir moterys","Šalies ūkis su individualiosiomis įmonėmis","EUR","453.3"
"2011K1","Darbo užmokestis (mėnesinis)","TOTAL","Iš viso pagal ekonomines veiklos rūšis","Neto","Vyrai ir moterys","Šalies ūkis be individualiųjų įmonių","EUR","467.2"
"2011K1","Darbo užmokestis (mėnesinis)","TOTAL","Iš viso pagal ekonomines veiklos rūšis","Neto","Vyrai ir moterys","Viešasis sektorius","EUR","489.9"
"2011K1","Darbo užmokestis (mėnesinis)","TOTAL","Iš viso pagal ekonomines veiklos rūšis","Neto","Vyrai ir moterys","Privatusis sektorius su individualiosiomis įmonėmis","EUR","430.8"
"2011K1","Darbo užmokestis (mėnesinis)","TOTAL","Iš viso pagal ekonomines veiklos rūšis","Neto","Vyrai ir moterys","Privatusis sektorius be individualiųjų įmonių","EUR","452.0"
"2010K4","Darbo užmokestis (mėnesinis)","TOTAL","Iš viso pagal ekonomines veiklos rūšis","Neto","Vyrai ir moterys","Šalies ūkis su individualiosiomis įmonėmis","EUR",
"2010K4","Darbo užmokestis (mėnesinis)","TOTAL","Iš viso pagal ekonomines veiklos rūšis","Neto","Vyrai ir moterys","Šalies ūkis be individualiųjų įmonių","EUR","477.8"
"2010K4","Darbo užmokestis (mėnesinis)","TOTAL","Iš viso pagal ekonomines veiklos rūšis","Neto","Vyrai ir moterys","Viešasis sektorius","EUR","505.2"
"2010K4","Darbo užmokestis (mėnesinis)","TOTAL","Iš viso pagal ekonomines veiklos rūšis","Neto","Vyrai ir moterys","Privatusis sektorius su individualiosiomis įmonėmis","EUR",
"2010K4","Darbo užmokestis (mėnesinis)","TOTAL","Iš viso pagal ekonomines veiklos rūšis","Neto","Vyrai ir moterys","Privatusis sektorius be individualiųjų įmonių","EUR","459.0"
"2010K3","Darbo užmokestis (mėnesinis)","TOTAL","Iš viso pagal ekonomines veiklos rūšis","Neto","Vyrai ir moterys","Šalies ūkis su individualiosiomis įmonėmis","EUR",
"2010K3","Darbo užmokestis (mėnesinis)","TOTAL","Iš viso pagal ekonomines veiklos rūšis","Neto","Vyrai ir moterys","Šalies ūkis be individualiųjų įmonių","EUR","469.4"
"2010K3","Darbo užmokestis (mėnesinis)","TOTAL","Iš viso pagal ekonomines veiklos rūšis","Neto","Vyrai ir moterys","Viešasis sektorius","EUR","489.7"
"2010K3","Darbo užmokestis (mėnesinis)","TOTAL","Iš viso pagal ekonomines veiklos rūšis","Neto","Vyrai ir moterys","Privatusis sektorius su individualiosiomis įmonėmis","EUR",
"2010K3","Darbo užmokestis (mėnesinis)","TOTAL","Iš viso pagal ekonomines veiklos rūšis","Neto","Vyrai ir moterys","Privatusis sektorius be individualiųjų įmonių","EUR","455.7"
"2010K2","Darbo užmokestis (mėnesinis)","TOTAL","Iš viso pagal ekonomines veiklos rūšis","Neto","Vyrai ir moterys","Šalies ūkis su individualiosiomis įmonėmis","EUR",
"2010K2","Darbo užmokestis (mėnesinis)","TOTAL","Iš viso pagal ekonomines veiklos rūšis","Neto","Vyrai ir moterys","Šalies ūkis be individualiųjų įmonių","EUR","463.9"
"2010K2","Darbo užmokestis (mėnesinis)","TOTAL","Iš viso pagal ekonomines veiklos rūšis","Neto","Vyrai ir moterys","Viešasis sektorius","EUR","487.5"
"2010K2","Darbo užmokestis (mėnesinis)","TOTAL","Iš viso pagal ekonomines veiklos rūšis","Neto","Vyrai ir moterys","Privatusis sektorius su individualiosiomis įmonėmis","EUR",
"2010K2","Darbo užmokestis (mėnesinis)","TOTAL","Iš viso pagal ekonomines veiklos rūšis","Neto","Vyrai ir moterys","Privatusis sektorius be individualiųjų įmonių","EUR","447.3"
"2010K1","Darbo užmokestis (mėnesinis)","TOTAL","Iš viso pagal ekonomines veiklos rūšis","Neto","Vyrai ir moterys","Šalies ūkis su individualiosiomis įmonėmis","EUR",
"2010K1","Darbo užmokestis (mėnesinis)","TOTAL","Iš viso pagal ekonomines veiklos rūšis","Neto","Vyrai ir moterys","Šalies ūkis be individualiųjų įmonių","EUR","458.7"
"2010K1","Darbo užmokestis (mėnesinis)","TOTAL","Iš viso pagal ekonomines veiklos rūšis","Neto","Vyrai ir moterys","Viešasis sektorius","EUR","480.8"
"2010K1","Darbo užmokestis (mėnesinis)","TOTAL","Iš viso pagal ekonomines veiklos rūšis","Neto","Vyrai ir moterys","Privatusis sektorius su individualiosiomis įmonėmis","EUR",
"2010K1","Darbo užmokestis (mėnesinis)","TOTAL","Iš viso pagal ekonomines veiklos rūšis","Neto","Vyrai ir moterys","Privatusis sektorius be individualiųjų įmonių","EUR","442.6"
"2009K4","Darbo užmokestis (mėnesinis)","TOTAL","Iš viso pagal ekonomines veiklos rūšis","Neto","Vyrai ir moterys","Šalies ūkis su individualiosiomis įmonėmis","EUR",
"2009K4","Darbo užmokestis (mėnesinis)","TOTAL","Iš viso pagal ekonomines veiklos rūšis","Neto","Vyrai ir moterys","Šalies ūkis be individualiųjų įmonių","EUR","477.1"
"2009K4","Darbo užmokestis (mėnesinis)","TOTAL","Iš viso pagal ekonomines veiklos rūšis","Neto","Vyrai ir moterys","Viešasis sektorius","EUR","496.3"
"2009K4","Darbo užmokestis (mėnesinis)","TOTAL","Iš viso pagal ekonomines veiklos rūšis","Neto","Vyrai ir moterys","Privatusis sektorius su individualiosiomis įmonėmis","EUR",
"2009K4","Darbo užmokestis (mėnesinis)","TOTAL","Iš viso pagal ekonomines veiklos rūšis","Neto","Vyrai ir moterys","Privatusis sektorius be individualiųjų įmonių","EUR","463.2"
"2009K3","Darbo užmokestis (mėnesinis)","TOTAL","Iš viso pagal ekonomines veiklos rūšis","Neto","Vyrai ir moterys","Šalies ūkis su individualiosiomis įmonėmis","EUR",
"2009K3","Darbo užmokestis (mėnesinis)","TOTAL","Iš viso pagal ekonomines veiklos rūšis","Neto","Vyrai ir moterys","Šalies ūkis be individualiųjų įmonių","EUR","482.2"
"2009K3","Darbo užmokestis (mėnesinis)","TOTAL","Iš viso pagal ekonomines veiklos rūšis","Neto","Vyrai ir moterys","Viešasis sektorius","EUR","509.7"
"2009K3","Darbo užmokestis (mėnesinis)","TOTAL","Iš viso pagal ekonomines veiklos rūšis","Neto","Vyrai ir moterys","Privatusis sektorius su individualiosiomis įmonėmis","EUR",
"2009K3","Darbo užmokestis (mėnesinis)","TOTAL","Iš viso pagal ekonomines veiklos rūšis","Neto","Vyrai ir moterys","Privatusis sektorius be individualiųjų įmonių","EUR","463.0"
"2009K2","Darbo užmokestis (mėnesinis)","TOTAL","Iš viso pagal ekonomines veiklos rūšis","Neto","Vyrai ir moterys","Šalies ūkis su individualiosiomis įmonėmis","EUR",
"2009K2","Darbo užmokestis (mėnesinis)","TOTAL","Iš viso pagal ekonomines veiklos rūšis","Neto","Vyrai ir moterys","Šalies ūkis be individualiųjų įmonių","EUR","488.6"
"2009K2","Darbo užmokestis (mėnesinis)","TOTAL","Iš viso pagal ekonomines veiklos rūšis","Neto","Vyrai ir moterys","Viešasis sektorius","EUR","519.1"
"2009K2","Darbo užmokestis (mėnesinis)","TOTAL","Iš viso pagal ekonomines veiklos rūšis","Neto","Vyrai ir moterys","Privatusis sektorius su individualiosiomis įmonėmis","EUR",
"2009K2","Darbo užmokestis (mėnesinis)","TOTAL","Iš viso pagal ekonomines veiklos rūšis","Neto","Vyrai ir moterys","Privatusis sektorius be individualiųjų įmonių","EUR","467.7"
"2009K1","Darbo užmokestis (mėnesinis)","TOTAL","Iš viso pagal ekonomines veiklos rūšis","Neto","Vyrai ir moterys","Šalies ūkis su individualiosiomis įmonėmis","EUR",
"2009K1","Darbo užmokestis (mėnesinis)","TOTAL","Iš viso pagal ekonomines veiklos rūšis","Neto","Vyrai ir moterys","Šalies ūkis be individualiųjų įmonių","EUR","493.0"
"2009K1","Darbo užmokestis (mėnesinis)","TOTAL","Iš viso pagal ekonomines veiklos rūšis","Neto","Vyrai ir moterys","Viešasis sektorius","EUR","519.5"
"2009K1","Darbo užmokestis (mėnesinis)","TOTAL","Iš viso pagal ekonomines veiklos rūšis","Neto","Vyrai ir moterys","Privatusis sektorius su individualiosiomis įmonėmis","EUR",
"2009K1","Darbo užmokestis (mėnesinis)","TOTAL","Iš viso pagal ekonomines veiklos rūšis","Neto","Vyrai ir moterys","Privatusis sektorius be individualiųjų įmonių","EUR","475.6"
"2008K4","Darbo užmokestis (mėnesinis)","TOTAL","Iš viso pagal ekonomines veiklos rūšis","Neto","Vyrai ir moterys","Šalies ūkis su individualiosiomis įmonėmis","EUR",
"2008K4","Darbo užmokestis (mėnesinis)","TOTAL","Iš viso pagal ekonomines veiklos rūšis","Neto","Vyrai ir moterys","Šalies ūkis be individualiųjų įmonių","EUR","513.5"
"2008K4","Darbo užmokestis (mėnesinis)","TOTAL","Iš viso pagal ekonomines veiklos rūšis","Neto","Vyrai ir moterys","Viešasis sektorius","EUR","544.3"
"2008K4","Darbo užmokestis (mėnesinis)","TOTAL","Iš viso pagal ekonomines veiklos rūšis","Neto","Vyrai ir moterys","Privatusis sektorius su individualiosiomis įmonėmis","EUR",
"2008K4","Darbo užmokestis (mėnesinis)","TOTAL","Iš viso pagal ekonomines veiklos rūšis","Neto","Vyrai ir moterys","Privatusis sektorius be individualiųjų įmonių","EUR","494.7"
"2008K3","Darbo užmokestis (mėnesinis)","TOTAL","Iš viso pagal ekonomines veiklos rūšis","Neto","Vyrai ir moterys","Šalies ūkis su individualiosiomis įmonėmis","EUR",
"2008K3","Darbo užmokestis (mėnesinis)","TOTAL","Iš viso pagal ekonomines veiklos rūšis","Neto","Vyrai ir moterys","Šalies ūkis be individualiųjų įmonių","EUR","513.7"
"2008K3","Darbo užmokestis (mėnesinis)","TOTAL","Iš viso pagal ekonomines veiklos rūšis","Neto","Vyrai ir moterys","Viešasis sektorius","EUR","528.6"
"2008K3","Darbo užmokestis (mėnesinis)","TOTAL","Iš viso pagal ekonomines veiklos rūšis","Neto","Vyrai ir moterys","Privatusis sektorius su individualiosiomis įmonėmis","EUR",
"2008K3","Darbo užmokestis (mėnesinis)","TOTAL","Iš viso pagal ekonomines veiklos rūšis","Neto","Vyrai ir moterys","Privatusis sektorius be individualiųjų įmonių","EUR","505.1"
"2008K2","Darbo užmokestis (mėnesinis)","TOTAL","Iš viso pagal ekonomines veiklos rūšis","Neto","Vyrai ir moterys","Šalies ūkis su individualiosiomis įmonėmis","EUR",
"2008K2","Darbo užmokestis (mėnesinis)","TOTAL","Iš viso pagal ekonomines veiklos rūšis","Neto","Vyrai ir moterys","Šalies ūkis be individualiųjų įmonių","EUR","496.1"
"2008K2","Darbo užmokestis (mėnesinis)","TOTAL","Iš viso pagal ekonomines veiklos rūšis","Neto","Vyrai ir moterys","Viešasis sektorius","EUR","506.8"
"2008K2","Darbo užmokestis (mėnesinis)","TOTAL","Iš viso pagal ekonomines veiklos rūšis","Neto","Vyrai ir moterys","Privatusis sektorius su individualiosiomis įmonėmis","EUR",
"2008K2","Darbo užmokestis (mėnesinis)","TOTAL","Iš viso pagal ekonomines veiklos rūšis","Neto","Vyrai ir moterys","Privatusis sektorius be individualiųjų įmonių","EUR","490.0"
"2008K1","Darbo užmokestis (mėnesinis)","TOTAL","Iš viso pagal ekonomines veiklos rūšis","Neto","Vyrai ir moterys","Šalies ūkis su individualiosiomis įmonėmis","EUR",
"2008K1","Darbo užmokestis (mėnesinis)","TOTAL","Iš viso pagal ekonomines veiklos rūšis","Neto","Vyrai ir moterys","Šalies ūkis be individualiųjų įmonių","EUR","478.0"
"2008K1","Darbo užmokestis (mėnesinis)","TOTAL","Iš viso pagal ekonomines veiklos rūšis","Neto","Vyrai ir moterys","Viešasis sektorius","EUR","483.8"
"2008K1","Darbo užmokestis (mėnesinis)","TOTAL","Iš viso pagal ekonomines veiklos rūšis","Neto","Vyrai ir moterys","Privatusis sektorius su individualiosiomis įmonėmis","EUR",
"2008K1","Darbo užmokestis (mėnesinis)","TOTAL","Iš viso pagal ekonomines veiklos rūšis","Neto","Vyrai ir moterys","Privatusis sektorius be individualiųjų įmonių","EUR","474.8"
